title,occupation_family,salary_median_clean,job_growth
"Airline Pilots, Copilots, and Flight Engineers",Transportation and Material Moving,226.0,
"Law Teachers, Postsecondary","Education, Training, and Library",126.0,
Commercial Pilots,Transportation and Material Moving,122.0,
"Economics Teachers, Postsecondary","Education, Training, and Library",119.0,
Neurologists,Healthcare Practitioners and Technical,115.0,
Emergency Medicine Physicians,Healthcare Practitioners and Technical,115.0,
Cardiologists,Healthcare Practitioners and Technical,115.0,
Anesthesiologists,Healthcare Practitioners and Technical,115.0,
Allergists and Immunologists,Healthcare Practitioners and Technical,115.0,
Dermatologists,Healthcare Practitioners and Technical,115.0,
Hospitalists,Healthcare Practitioners and Technical,115.0,
Family Medicine Physicians,Healthcare Practitioners and Technical,114.61,
General Internal Medicine Physicians,Healthcare Practitioners and Technical,113.63,
"Dentists, All Other Specialists",Healthcare Practitioners and Technical,108.54,
"Engineering Teachers, Postsecondary","Education, Training, and Library",106.0,
"Health Specialties Teachers, Postsecondary","Education, Training, and Library",105.0,
"Education Administrators, Kindergarten through Secondary",Management Occupations,104.0,
"Atmospheric, Earth, Marine, and Space Sciences Teachers, Postsecondary","Education, Training, and Library",101.0,
"Architecture Teachers, Postsecondary","Education, Training, and Library",101.0,
"Forestry and Conservation Science Teachers, Postsecondary","Education, Training, and Library",100.0,
Chief Sustainability Officers,Management Occupations,99.24,
Chief Executives,Management Occupations,99.24,
"Business Teachers, Postsecondary","Education, Training, and Library",97.0,
"Physics Teachers, Postsecondary","Education, Training, and Library",97.0,
"Computer Science Teachers, Postsecondary","Education, Training, and Library",96.0,
"Anthropology and Archeology Teachers, Postsecondary","Education, Training, and Library",95.0,
"Political Science Teachers, Postsecondary","Education, Training, and Library",94.0,
"Environmental Science Teachers, Postsecondary","Education, Training, and Library",87.0,
"Chemistry Teachers, Postsecondary","Education, Training, and Library",86.0,
"Agricultural Sciences Teachers, Postsecondary","Education, Training, and Library",86.0,
"Geography Teachers, Postsecondary","Education, Training, and Library",86.0,
"Area, Ethnic, and Cultural Studies Teachers, Postsecondary","Education, Training, and Library",84.0,
"Dentists, General",Healthcare Practitioners and Technical,83.07,
"Biological Science Teachers, Postsecondary","Education, Training, and Library",83.0,
Computer and Information Systems Managers,Management Occupations,82.31,
"History Teachers, Postsecondary","Education, Training, and Library",81.0,
Architectural and Engineering Managers,Management Occupations,80.64,
Biofuels/Biodiesel Technology and Product Development Managers,Management Occupations,80.64,
"Psychology Teachers, Postsecondary","Education, Training, and Library",80.0,
"Art, Drama, and Music Teachers, Postsecondary","Education, Training, and Library",80.0,
Physicists,"Life, Physical, and Social Science",79.95,
"Mathematical Science Teachers, Postsecondary","Education, Training, and Library",79.0,
"Nursing Instructors and Teachers, Postsecondary","Education, Training, and Library",79.0,
"Philosophy and Religion Teachers, Postsecondary","Education, Training, and Library",78.0,
"Library Science Teachers, Postsecondary","Education, Training, and Library",78.0,
"Postsecondary Teachers, All Other","Education, Training, and Library",78.0,
"English Language and Literature Teachers, Postsecondary","Education, Training, and Library",78.0,
Financial Managers,Management Occupations,77.74,
Investment Fund Managers,Management Occupations,77.74,
Clinical Research Coordinators,Management Occupations,77.49,
Natural Sciences Managers,Management Occupations,77.49,
Marketing Managers,Management Occupations,77.42,
"Foreign Language and Literature Teachers, Postsecondary","Education, Training, and Library",77.0,
"Family and Consumer Sciences Teachers, Postsecondary","Education, Training, and Library",77.0,
"Communications Teachers, Postsecondary","Education, Training, and Library",77.0,
"Judges, Magistrate Judges, and Magistrates",Legal Occupations,75.1,
"Recreation and Fitness Studies Teachers, Postsecondary","Education, Training, and Library",75.0,
Computer Hardware Engineers,Architecture and Engineering,74.53,
Lawyers,Legal Occupations,72.67,
"Education Teachers, Postsecondary","Education, Training, and Library",72.0,
"Criminal Justice and Law Enforcement Teachers, Postsecondary","Education, Training, and Library",71.0,
Air Traffic Controllers,Transportation and Material Moving,69.51,
Petroleum Engineers,Architecture and Engineering,67.92,
Computer and Information Research Scientists,Computer and Mathematical Occupations,67.74,
Compensation and Benefits Managers,Management Occupations,67.48,
Human Resources Managers,Management Occupations,67.32,
Purchasing Managers,Management Occupations,67.07,
Adapted Physical Education Specialists,"Education, Training, and Library",67.0,
Flight Attendants,Transportation and Material Moving,67.0,
Public Relations Managers,Management Occupations,66.6,
Medical Dosimetrists,Healthcare Practitioners and Technical,66.4,
Sales Managers,Management Occupations,66.38,
Brownfield Redevelopment Specialists and Site Managers,Management Occupations,65.65,
Compliance Managers,Management Occupations,65.65,
"Managers, All Other",Management Occupations,65.65,
Loss Prevention Managers,Management Occupations,65.65,
Regulatory Affairs Managers,Management Occupations,65.65,
Data Warehousing Specialists,Computer and Mathematical Occupations,65.37,
Database Architects,Computer and Mathematical Occupations,65.37,
Aerospace Engineers,Architecture and Engineering,64.82,
Anesthesiologist Assistants,Healthcare Practitioners and Technical,64.07,
Software Developers,Computer and Mathematical Occupations,63.98,
Astronomers,"Life, Physical, and Social Science",63.54,
"Career/Technical Education Teachers, Middle School","Education, Training, and Library",63.0,
"Career/Technical Education Teachers, Secondary School","Education, Training, and Library",63.0,
Telecommunications Engineering Specialists,Computer and Mathematical Occupations,62.69,
Computer Network Architects,Computer and Mathematical Occupations,62.69,
"Elementary School Teachers, Except Special Education","Education, Training, and Library",62.0,
"Middle School Teachers, Except Special and Career/Technical Education","Education, Training, and Library",62.0,
Athletes and Sports Competitors,"Arts, Design, Entertainment, Sports, and Media",62.0,
Radio Frequency Identification Device Specialists,Architecture and Engineering,61.34,
"Electronics Engineers, Except Computer",Architecture and Engineering,61.34,
Nuclear Engineers,Architecture and Engineering,61.31,
Advertising and Promotions Managers,Management Occupations,61.04,
"Kindergarten Teachers, Except Special Education","Education, Training, and Library",61.0,
Actuaries,Computer and Mathematical Occupations,60.47,
Information Security Analysts,Computer and Mathematical Occupations,60.05,
Athletic Trainers,Healthcare Practitioners and Technical,60.0,
Fundraising Managers,Management Occupations,59.36,
Chemical Engineers,Architecture and Engineering,58.59,
Mathematicians,Computer and Mathematical Occupations,58.5,
Sales Engineers,Sales and Related,58.42,
Hydroelectric Production Managers,Management Occupations,58.39,
Industrial Production Managers,Management Occupations,58.39,
Geothermal Production Managers,Management Occupations,58.39,
Quality Control Systems Managers,Management Occupations,58.39,
Biofuels Production Managers,Management Occupations,58.39,
Biomass Power Plant Managers,Management Occupations,58.39,
Medical and Health Services Managers,Management Occupations,56.71,
"Physical Scientists, All Other","Life, Physical, and Social Science",56.71,
Nanosystems Engineers,Architecture and Engineering,56.61,
"Engineers, All Other",Architecture and Engineering,56.61,
"Energy Engineers, Except Wind and Solar",Architecture and Engineering,56.61,
Microsystems Engineers,Architecture and Engineering,56.61,
Mechatronics Engineers,Architecture and Engineering,56.61,
Photonics Engineers,Architecture and Engineering,56.61,
Clinical Neuropsychologists,"Life, Physical, and Social Science",56.53,
Neuropsychologists,"Life, Physical, and Social Science",56.53,
Economists,"Life, Physical, and Social Science",55.5,
Environmental Economists,"Life, Physical, and Social Science",55.5,
"Administrative Law Judges, Adjudicators, and Hearing Officers",Legal Occupations,55.4,
Naturopathic Physicians,Healthcare Practitioners and Technical,54.68,
"Healthcare Diagnosing or Treating Practitioners, All Other",Healthcare Practitioners and Technical,54.68,
Data Scientists,Computer and Mathematical Occupations,54.13,
Business Intelligence Analysts,Computer and Mathematical Occupations,54.13,
Clinical Data Managers,Computer and Mathematical Occupations,54.13,
Electrical Engineers,Architecture and Engineering,53.8,
Art Directors,"Arts, Design, Entertainment, Sports, and Media",53.38,
Industrial-Organizational Psychologists,"Life, Physical, and Social Science",52.81,
Fire-Prevention and Protection Engineers,Architecture and Engineering,52.72,
"Health and Safety Engineers, Except Mining Safety Engineers and Inspectors",Architecture and Engineering,52.72,
Web Administrators,Computer and Mathematical Occupations,52.39,
Digital Forensics Analysts,Computer and Mathematical Occupations,52.39,
Geographic Information Systems Technologists and Technicians,Computer and Mathematical Occupations,52.39,
Computer Systems Engineers/Architects,Computer and Mathematical Occupations,52.39,
Information Security Engineers,Computer and Mathematical Occupations,52.39,
"Computer Occupations, All Other",Computer and Mathematical Occupations,52.39,
Blockchain Engineers,Computer and Mathematical Occupations,52.39,
Information Technology Project Managers,Computer and Mathematical Occupations,52.39,
Document Management Specialists,Computer and Mathematical Occupations,52.39,
Penetration Testers,Computer and Mathematical Occupations,52.39,
Administrative Services Managers,Management Occupations,52.11,
Materials Engineers,Architecture and Engineering,52.07,
Construction Managers,Management Occupations,51.43,
Bioengineers and Biomedical Engineers,Architecture and Engineering,51.42,
Elevator and Escalator Installers and Repairers,Construction and Extraction,51.24,
Financial Risk Specialists,Business and Financial Operations,50.96,
First-Line Supervisors of Police and Detectives,Protective Service,50.95,
Marine Engineers and Naval Architects,Architecture and Engineering,50.8,
Facilities Managers,Management Occupations,50.33,
Security Managers,Management Occupations,50.33,
Database Administrators,Computer and Mathematical Occupations,50.3,
Nuclear Technicians,"Life, Physical, and Social Science",50.11,
Nuclear Monitoring Technicians,"Life, Physical, and Social Science",50.11,
Environmental Engineers,Architecture and Engineering,50.08,
Materials Scientists,"Life, Physical, and Social Science",50.08,
"Education Administrators, Postsecondary",Management Occupations,49.98,
Health Informatics Specialists,Computer and Mathematical Occupations,49.9,
Computer Systems Analysts,Computer and Mathematical Occupations,49.9,
Biochemists and Biophysicists,"Life, Physical, and Social Science",49.83,
Biostatisticians,Computer and Mathematical Occupations,49.66,
Statisticians,Computer and Mathematical Occupations,49.66,
General and Operations Managers,Management Occupations,49.5,
Software Quality Assurance Analysts and Testers,Computer and Mathematical Occupations,49.33,
Automotive Engineers,Architecture and Engineering,49.19,
Mechanical Engineers,Architecture and Engineering,49.19,
Fuel Cell Engineers,Architecture and Engineering,49.19,
Personal Financial Advisors,Business and Financial Operations,49.11,
Financial and Investment Analysts,Business and Financial Operations,48.73,
Ship Engineers,Transportation and Material Moving,48.71,
Management Analysts,Business and Financial Operations,48.65,
Human Factors Engineers and Ergonomists,Architecture and Engineering,48.63,
Manufacturing Engineers,Architecture and Engineering,48.63,
Industrial Engineers,Architecture and Engineering,48.63,
"Mining and Geological Engineers, Including Mining Safety Engineers",Architecture and Engineering,48.57,
"Electrical and Electronics Repairers, Powerhouse, Substation, and Relay","Installation, Maintenance, and Repair",48.53,
Project Management Specialists,Business and Financial Operations,48.44,
"Medical Scientists, Except Epidemiologists","Life, Physical, and Social Science",48.36,
"Sales Representatives, Wholesale and Manufacturing, Technical and Scientific Products",Sales and Related,48.11,
Solar Sales Representatives and Assessors,Sales and Related,48.11,
Special Effects Artists and Animators,"Arts, Design, Entertainment, Sports, and Media",47.98,
Hydroelectric Plant Technicians,Production,47.92,
Biomass Plant Technicians,Production,47.92,
Civil Engineers,Architecture and Engineering,47.88,
"Geoscientists, Except Hydrologists and Geographers","Life, Physical, and Social Science",47.71,
Genetic Counselors,Healthcare Practitioners and Technical,47.55,
Computer Programmers,Computer and Mathematical Occupations,47.44,
"Low Vision Therapists, Orientation and Mobility Specialists, and Vision Rehabilitation Therapists",Healthcare Practitioners and Technical,47.28,
Web and Digital Interface Designers,Computer and Mathematical Occupations,47.16,
Video Game Designers,Computer and Mathematical Occupations,47.16,
Atmospheric and Space Scientists,"Life, Physical, and Social Science",46.85,
Geographers,"Life, Physical, and Social Science",46.73,
Nuclear Medicine Technologists,Healthcare Practitioners and Technical,46.64,
Network and Computer Systems Administrators,Computer and Mathematical Occupations,46.54,
"Architects, Except Landscape and Naval",Architecture and Engineering,46.49,
"Agents and Business Managers of Artists, Performers, and Athletes",Business and Financial Operations,46.3,
Clinical and Counseling Psychologists,"Life, Physical, and Social Science",46.07,
Dental Hygienists,Healthcare Practitioners and Technical,45.32,
Advanced Practice Psychiatric Nurses,Healthcare Practitioners and Technical,45.0,
Critical Care Nurses,Healthcare Practitioners and Technical,45.0,
Clinical Nurse Specialists,Healthcare Practitioners and Technical,45.0,
Coaches and Scouts,"Arts, Design, Entertainment, Sports, and Media",45.0,
Acute Care Nurses,Healthcare Practitioners and Technical,45.0,
Police Identification and Records Officers,Protective Service,44.99,
Intelligence Analysts,Protective Service,44.99,
Detectives and Criminal Investigators,Protective Service,44.99,
Labor Relations Specialists,Business and Financial Operations,44.95,
"Biological Scientists, All Other","Life, Physical, and Social Science",44.87,
Biologists,"Life, Physical, and Social Science",44.87,
Geneticists,"Life, Physical, and Social Science",44.87,
Bioinformatics Scientists,"Life, Physical, and Social Science",44.87,
Molecular and Cellular Biologists,"Life, Physical, and Social Science",44.87,
Postmasters and Mail Superintendents,Management Occupations,44.58,
Electrical Power-Line Installers and Repairers,"Installation, Maintenance, and Repair",44.5,
First-Line Supervisors of Firefighting and Prevention Workers,Protective Service,44.44,
Audiologists,Healthcare Practitioners and Technical,44.29,
Hydrologists,"Life, Physical, and Social Science",44.26,
Technical Writers,"Arts, Design, Entertainment, Sports, and Media",44.07,
Legislators,Management Occupations,44.0,
Operations Research Analysts,Computer and Mathematical Occupations,43.89,
Web Developers,Computer and Mathematical Occupations,43.72,
Financial Examiners,Business and Financial Operations,43.46,
Models,Sales and Related,43.26,
Diagnostic Medical Sonographers,Healthcare Practitioners and Technical,42.95,
"Education Administrators, All Other",Management Occupations,42.81,
Musicians and Singers,"Arts, Design, Entertainment, Sports, and Media",42.45,
Magnetic Resonance Imaging Technologists,Healthcare Practitioners and Technical,42.4,
"Farmers, Ranchers, and Other Agricultural Managers",Management Occupations,42.3,
Budget Analysts,Business and Financial Operations,42.27,
"Life Scientists, All Other","Life, Physical, and Social Science",42.21,
Microbiologists,"Life, Physical, and Social Science",41.98,
Emergency Management Directors,Management Occupations,41.41,
Aviation Inspectors,Transportation and Material Moving,41.23,
Gambling Managers,Management Occupations,41.14,
"Captains, Mates, and Pilots of Water Vessels",Transportation and Material Moving,41.13,
Food Scientists and Technologists,"Life, Physical, and Social Science",41.02,
Subway and Streetcar Operators,Transportation and Material Moving,40.78,
Agricultural Engineers,Architecture and Engineering,40.69,
Chemists,"Life, Physical, and Social Science",40.46,
First-Line Supervisors of Non-Retail Sales Workers,Sales and Related,40.45,
Epidemiologists,"Life, Physical, and Social Science",40.38,
Occupational Health and Safety Specialists,"Life, Physical, and Social Science",40.34,
Signal and Track Switch Repairers,"Installation, Maintenance, and Repair",40.19,
Talent Directors,"Arts, Design, Entertainment, Sports, and Media",40.13,
Media Technical Directors/Managers,"Arts, Design, Entertainment, Sports, and Media",40.13,
Producers and Directors,"Arts, Design, Entertainment, Sports, and Media",40.13,
Media Programming Directors,"Arts, Design, Entertainment, Sports, and Media",40.13,
Gas Plant Operators,Production,40.1,
"Electrical and Electronics Installers and Repairers, Transportation Equipment","Installation, Maintenance, and Repair",39.77,
Transit and Railroad Police,Protective Service,39.58,
Accountants and Auditors,Business and Financial Operations,39.27,
Avionics Technicians,"Installation, Maintenance, and Repair",39.13,
Online Merchants,Business and Financial Operations,39.07,
Business Continuity Planners,Business and Financial Operations,39.07,
Sustainability Specialists,Business and Financial Operations,39.07,
Security Management Specialists,Business and Financial Operations,39.07,
"Business Operations Specialists, All Other",Business and Financial Operations,39.07,
Credit Analysts,Business and Financial Operations,38.93,
Logistics Analysts,Business and Financial Operations,38.89,
Logisticians,Business and Financial Operations,38.89,
Logistics Engineers,Business and Financial Operations,38.89,
Fashion Designers,"Arts, Design, Entertainment, Sports, and Media",38.79,
"Fraud Examiners, Investigators and Analysts",Business and Financial Operations,38.55,
Financial Quantitative Analysts,Business and Financial Operations,38.55,
"Financial Specialists, All Other",Business and Financial Operations,38.55,
Industrial Ecologists,"Life, Physical, and Social Science",38.49,
"Environmental Scientists and Specialists, Including Health","Life, Physical, and Social Science",38.49,
Climate Change Policy Analysts,"Life, Physical, and Social Science",38.49,
Environmental Restoration Planners,"Life, Physical, and Social Science",38.49,
Insurance Underwriters,Business and Financial Operations,38.4,
Aerospace Engineering and Operations Technologists and Technicians,Architecture and Engineering,38.38,
Landscape Architects,Architecture and Engineering,38.3,
Commercial and Industrial Designers,"Arts, Design, Entertainment, Sports, and Media",38.2,
Animal Scientists,"Life, Physical, and Social Science",38.04,
"Umpires, Referees, and Other Sports Officials","Arts, Design, Entertainment, Sports, and Media",38.0,
Chiropractors,Healthcare Practitioners and Technical,37.98,
First-Line Supervisors of Construction Trades and Extraction Workers,Construction and Extraction,37.83,
Aircraft Mechanics and Service Technicians,"Installation, Maintenance, and Repair",37.83,
Regulatory Affairs Specialists,Business and Financial Operations,37.7,
Environmental Compliance Inspectors,Business and Financial Operations,37.7,
Government Property Inspectors and Investigators,Business and Financial Operations,37.7,
Equal Opportunity Representatives and Officers,Business and Financial Operations,37.7,
Customs Brokers,Business and Financial Operations,37.7,
Coroners,Business and Financial Operations,37.7,
Compliance Officers,Business and Financial Operations,37.7,
Cartographers and Photogrammetrists,Architecture and Engineering,37.68,
"First-Line Supervisors of Mechanics, Installers, and Repairers","Installation, Maintenance, and Repair",37.64,
Acupuncturists,Healthcare Practitioners and Technical,37.57,
"Securities, Commodities, and Financial Services Sales Agents",Sales and Related,37.57,
Fire Inspectors and Investigators,Protective Service,37.53,
Non-Destructive Testing Specialists,Architecture and Engineering,37.21,
"Engineering Technologists and Technicians, Except Drafters, All Other",Architecture and Engineering,37.21,
Locomotive Engineers,Transportation and Material Moving,37.21,
Photonics Technicians,Architecture and Engineering,37.21,
Electrical and Electronic Engineering Technologists and Technicians,Architecture and Engineering,37.11,
"Entertainment and Recreation Managers, Except Gambling",Management Occupations,37.11,
Cost Estimators,Business and Financial Operations,37.05,
"Compensation, Benefits, and Job Analysis Specialists",Business and Financial Operations,37.03,
Search Marketing Strategists,Business and Financial Operations,37.0,
Market Research Analysts and Marketing Specialists,Business and Financial Operations,37.0,
Funeral Home Managers,Management Occupations,36.94,
"Claims Adjusters, Examiners, and Investigators",Business and Financial Operations,36.92,
"Insurance Appraisers, Auto Damage",Business and Financial Operations,36.85,
"Roof Bolters, Mining",Construction and Extraction,36.85,
First-Line Supervisors of Correctional Officers,Protective Service,36.69,
Police and Sheriff's Patrol Officers,Protective Service,36.68,
Customs and Border Protection Officers,Protective Service,36.68,
"Purchasing Agents, Except Wholesale, Retail, and Farm Products",Business and Financial Operations,36.37,
"Buyers and Purchasing Agents, Farm Products",Business and Financial Operations,36.37,
"Wholesale and Retail Buyers, Except Farm Products",Business and Financial Operations,36.37,
Editors,"Arts, Design, Entertainment, Sports, and Media",36.18,
"First-Line Supervisors of Protective Service Workers, All Other",Protective Service,36.04,
Instructional Coordinators,"Education, Training, and Library",35.92,
"Control and Valve Installers and Repairers, Except Mechanical Door","Installation, Maintenance, and Repair",35.91,
Executive Secretaries and Executive Administrative Assistants,Office and Administrative Support,35.7,
Loan Officers,Business and Financial Operations,35.66,
Railroad Conductors and Yardmasters,Transportation and Material Moving,35.62,
Historians,"Life, Physical, and Social Science",35.6,
Dietitians and Nutritionists,Healthcare Practitioners and Technical,35.5,
Electrical and Electronics Drafters,Architecture and Engineering,35.44,
Chemical Plant and System Operators,Production,35.35,
Boilermakers,Construction and Extraction,35.26,
Computer Network Support Specialists,Computer and Mathematical Occupations,35.26,
Human Resources Specialists,Business and Financial Operations,35.05,
"Artists and Related Workers, All Other","Arts, Design, Entertainment, Sports, and Media",34.98,
Geodetic Surveyors,Architecture and Engineering,34.97,
Writers and Authors,"Arts, Design, Entertainment, Sports, and Media",34.75,
"Poets, Lyricists and Creative Writers","Arts, Design, Entertainment, Sports, and Media",34.75,
Real Estate Brokers,Sales and Related,34.75,
Energy Auditors,Construction and Extraction,34.67,
Construction and Building Inspectors,Construction and Extraction,34.67,
"Media and Communication Workers, All Other","Arts, Design, Entertainment, Sports, and Media",34.51,
Gas Compressor and Gas Pumping Station Operators,Transportation and Material Moving,34.38,
"Mathematical Science Occupations, All Other",Computer and Mathematical Occupations,34.37,
Bioinformatics Technicians,Computer and Mathematical Occupations,34.37,
"Electrical and Electronics Repairers, Commercial and Industrial Equipment","Installation, Maintenance, and Repair",34.28,
First-Line Supervisors of Production and Operating Workers,Production,34.23,
Film and Video Editors,"Arts, Design, Entertainment, Sports, and Media",34.12,
Electro-Mechanical and Mechatronics Technologists and Technicians,Architecture and Engineering,34.02,
Foresters,"Life, Physical, and Social Science",33.97,
Telecommunications Line Installers and Repairers,"Installation, Maintenance, and Repair",33.9,
Pile Driver Operators,Construction and Extraction,33.9,
Public Relations Specialists,"Arts, Design, Entertainment, Sports, and Media",33.55,
"Social Workers, All Other",Community and Social Service,33.4,
"Loading and Moving Machine Operators, Underground Mining",Construction and Extraction,33.11,
"Camera Operators, Television, Video, and Film","Arts, Design, Entertainment, Sports, and Media",33.08,
"Legal Support Workers, All Other",Legal Occupations,33.06,
Automotive Engineering Technicians,Architecture and Engineering,33.04,
Mechanical Engineering Technologists and Technicians,Architecture and Engineering,33.04,
Mechanical Drafters,Architecture and Engineering,32.94,
Occupational Therapy Assistants,Healthcare Support,32.86,
Fish and Game Wardens,Protective Service,32.78,
Lodging Managers,Management Occupations,32.76,
Healthcare Social Workers,Community and Social Service,32.74,
Park Naturalists,"Life, Physical, and Social Science",32.67,
Conservation Scientists,"Life, Physical, and Social Science",32.67,
"Arbitrators, Mediators, and Conciliators",Legal Occupations,32.55,
Fabric and Apparel Patternmakers,Production,32.54,
Forensic Science Technicians,"Life, Physical, and Social Science",32.42,
Rail-Track Laying and Maintenance Equipment Operators,Construction and Extraction,32.39,
Court Reporters and Simultaneous Captioners,"Arts, Design, Entertainment, Sports, and Media",32.36,
Health Information Technologists and Medical Registrars,Healthcare Practitioners and Technical,32.36,
Cardiovascular Technologists and Technicians,Healthcare Practitioners and Technical,32.34,
"Media and Communication Equipment Workers, All Other","Arts, Design, Entertainment, Sports, and Media",32.3,
"Precision Instrument and Equipment Repairers, All Other","Installation, Maintenance, and Repair",32.25,
"Sales Representatives, Wholesale and Manufacturing, Except Technical and Scientific Products",Sales and Related,32.11,
"Property, Real Estate, and Community Association Managers",Management Occupations,32.07,
Fundraisers,Business and Financial Operations,31.97,
Sound Engineering Technicians,"Arts, Design, Entertainment, Sports, and Media",31.94,
Crane and Tower Operators,Transportation and Material Moving,31.91,
Set and Exhibit Designers,"Arts, Design, Entertainment, Sports, and Media",31.87,
"Sales Representatives of Services, Except Advertising, Insurance, Financial Services, and Travel",Sales and Related,31.86,
"Designers, All Other","Arts, Design, Entertainment, Sports, and Media",31.84,
First-Line Supervisors of Office and Administrative Support Workers,Office and Administrative Support,31.8,
Training and Development Specialists,Business and Financial Operations,31.66,
Rail Car Repairers,"Installation, Maintenance, and Repair",31.58,
Computer Numerically Controlled Tool Programmers,Production,31.57,
Physical Therapist Assistants,Healthcare Support,31.5,
"Railroad Brake, Signal, and Switch Operators and Locomotive Firers",Transportation and Material Moving,31.48,
Appraisers and Assessors of Real Estate,Business and Financial Operations,31.45,
Appraisers of Personal and Business Property,Business and Financial Operations,31.45,
Food Service Managers,Management Occupations,31.4,
Millwrights,"Installation, Maintenance, and Repair",31.33,
"Educational, Guidance, and Career Counselors and Advisors",Community and Social Service,31.32,
Calibration Technologists and Technicians,Architecture and Engineering,31.27,
Art Therapists,Healthcare Practitioners and Technical,31.26,
"Rotary Drill Operators, Oil and Gas",Construction and Extraction,31.26,
Music Therapists,Healthcare Practitioners and Technical,31.26,
Anthropologists and Archeologists,"Life, Physical, and Social Science",31.21,
Industrial Engineering Technologists and Technicians,Architecture and Engineering,31.15,
Nanotechnology Engineering Technologists and Technicians,Architecture and Engineering,31.15,
Probation Officers and Correctional Treatment Specialists,Community and Social Service,31.02,
Librarians and Media Collections Specialists,"Education, Training, and Library",30.92,
Architectural and Civil Drafters,Architecture and Engineering,30.9,
Civil Engineering Technologists and Technicians,Architecture and Engineering,30.86,
"Radio, Cellular, and Tower Equipment Installers and Repairers","Installation, Maintenance, and Repair",30.86,
Midwives,Healthcare Practitioners and Technical,30.78,
"Healthcare Practitioners and Technical Workers, All Other",Healthcare Practitioners and Technical,30.78,
"Mobile Heavy Equipment Mechanics, Except Engines","Installation, Maintenance, and Repair",30.76,
Aircraft Cargo Handling Supervisors,Transportation and Material Moving,30.74,
Marriage and Family Therapists,Community and Social Service,30.66,
Industrial Machinery Mechanics,"Installation, Maintenance, and Repair",30.65,
Music Directors and Composers,"Arts, Design, Entertainment, Sports, and Media",30.61,
Interior Designers,"Arts, Design, Entertainment, Sports, and Media",30.52,
Continuous Mining Machine Operators,Construction and Extraction,30.47,
Transportation Security Screeners,Protective Service,30.46,
Health Education Specialists,Community and Social Service,30.29,
"Plumbers, Pipefitters, and Steamfitters",Construction and Extraction,30.27,
Brokerage Clerks,Office and Administrative Support,30.26,
"Derrick Operators, Oil and Gas",Construction and Extraction,30.16,
Medical Equipment Repairers,"Installation, Maintenance, and Repair",30.11,
"Telecommunications Equipment Installers and Repairers, Except Line Installers","Installation, Maintenance, and Repair",30.11,
Electricians,Construction and Extraction,29.98,
Licensed Practical and Licensed Vocational Nurses,Healthcare Practitioners and Technical,29.97,
Riggers,"Installation, Maintenance, and Repair",29.84,
"Drafters, All Other",Architecture and Engineering,29.81,
"First-Line Supervisors of Helpers, Laborers, and Material Movers, Hand",Transportation and Material Moving,29.76,
First-Line Supervisors of Material-Moving Machine and Vehicle Operators,Transportation and Material Moving,29.76,
First-Line Supervisors of Passenger Attendants,Transportation and Material Moving,29.76,
"First-Line Supervisors of Transportation Workers, All Other",Transportation and Material Moving,29.76,
Recycling Coordinators,Transportation and Material Moving,29.76,
Histotechnologists,Healthcare Practitioners and Technical,29.75,
Medical and Clinical Laboratory Technicians,Healthcare Practitioners and Technical,29.75,
Medical and Clinical Laboratory Technologists,Healthcare Practitioners and Technical,29.75,
Histology Technicians,Healthcare Practitioners and Technical,29.75,
Cytogenetic Technologists,Healthcare Practitioners and Technical,29.75,
Cytotechnologists,Healthcare Practitioners and Technical,29.75,
Curators,"Education, Training, and Library",29.7,
Biofuels Processing Technicians,Production,29.67,
"Aircraft Structure, Surfaces, Rigging, and Systems Assemblers",Production,29.65,
Postal Service Clerks,Office and Administrative Support,29.63,
First-Line Supervisors of Gambling Services Workers,Personal Care and Service,29.61,
Hearing Aid Specialists,Healthcare Practitioners and Technical,29.6,
Archivists,"Education, Training, and Library",29.6,
"Career/Technical Education Teachers, Postsecondary","Education, Training, and Library",29.56,
Advertising Sales Agents,Sales and Related,29.55,
"Personal Service Managers, All Other",Management Occupations,29.49,
Fitness and Wellness Coordinators,Management Occupations,29.49,
Graphic Designers,"Arts, Design, Entertainment, Sports, and Media",29.47,
Commercial Divers,"Installation, Maintenance, and Repair",29.39,
Paralegals and Legal Assistants,Legal Occupations,29.33,
Chefs and Head Cooks,Food Preparation and Serving Related,29.32,
Clergy,Community and Social Service,29.24,
Brickmasons and Blockmasons,Construction and Extraction,29.23,
Bus and Truck Mechanics and Diesel Engine Specialists,"Installation, Maintenance, and Repair",29.15,
"Fine Artists, Including Painters, Sculptors, and Illustrators","Arts, Design, Entertainment, Sports, and Media",29.12,
Lighting Technicians,"Arts, Design, Entertainment, Sports, and Media",29.11,
"Maintenance Workers, Machinery","Installation, Maintenance, and Repair",29.09,
Judicial Law Clerks,Legal Occupations,29.04,
Insurance Sales Agents,Sales and Related,29.02,
Computer User Support Specialists,Computer and Mathematical Occupations,29.01,
"News Analysts, Reporters, and Journalists","Arts, Design, Entertainment, Sports, and Media",28.98,
"Life, Physical, and Social Science Technicians, All Other","Life, Physical, and Social Science",28.91,
Mental Health and Substance Abuse Social Workers,Community and Social Service,28.88,
"Pump Operators, Except Wellhead Pumpers",Transportation and Material Moving,28.86,
"Adult Basic Education, Adult Secondary Education, and English as a Second Language Instructors","Education, Training, and Library",28.82,
"Heating, Air Conditioning, and Refrigeration Mechanics and Installers","Installation, Maintenance, and Repair",28.75,
"Tax Examiners and Collectors, and Revenue Agents",Business and Financial Operations,28.72,
"Earth Drillers, Except Oil and Gas",Construction and Extraction,28.65,
Firefighters,Protective Service,28.62,
"Meeting, Convention, and Event Planners",Business and Financial Operations,28.58,
Interpreters and Translators,"Arts, Design, Entertainment, Sports, and Media",28.58,
"First-Line Supervisors of Farming, Fishing, and Forestry Workers","Farming, Fishing, and Forestry",28.53,
Security and Fire Alarm Systems Installers,"Installation, Maintenance, and Repair",28.51,
Carpenters,Construction and Extraction,28.51,
Reinforcing Iron and Rebar Workers,Construction and Extraction,28.5,
Substance Abuse and Behavioral Disorder Counselors,Community and Social Service,28.46,
Mental Health Counselors,Community and Social Service,28.46,
"Explosives Workers, Ordnance Handling Experts, and Blasters",Construction and Extraction,28.42,
Environmental Engineering Technologists and Technicians,Architecture and Engineering,28.31,
Operating Engineers and Other Construction Equipment Operators,Construction and Extraction,28.23,
First-Line Supervisors of Security Workers,Protective Service,28.18,
Hydrologic Technicians,"Life, Physical, and Social Science",28.16,
"Child, Family, and School Social Workers",Community and Social Service,28.16,
"Refractory Materials Repairers, Except Brickmasons","Installation, Maintenance, and Repair",28.15,
Bridge and Lock Tenders,Transportation and Material Moving,28.12,
Occupational Health and Safety Technicians,"Life, Physical, and Social Science",28.1,
Exercise Physiologists,Healthcare Practitioners and Technical,27.96,
Drywall and Ceiling Tile Installers,Construction and Extraction,27.95,
Farm and Home Management Educators,"Education, Training, and Library",27.94,
"Rail Yard Engineers, Dinkey Operators, and Hostlers",Transportation and Material Moving,27.9,
Correctional Officers and Jailers,Protective Service,27.87,
Massage Therapists,Healthcare Support,27.86,
Chemical Technicians,"Life, Physical, and Social Science",27.78,
"Production, Planning, and Expediting Clerks",Office and Administrative Support,27.78,
Postal Service Mail Carriers,Office and Administrative Support,27.64,
Heavy and Tractor-Trailer Truck Drivers,Transportation and Material Moving,27.62,
"Bus Drivers, Transit and Intercity",Transportation and Material Moving,27.61,
"Insulation Workers, Mechanical",Construction and Extraction,27.52,
Chemical Equipment Operators and Tenders,Production,27.45,
Bailiffs,Protective Service,27.43,
Airfield Operations Specialists,Transportation and Material Moving,27.28,
"Postal Service Mail Sorters, Processors, and Processing Machine Operators",Office and Administrative Support,27.18,
Real Estate Sales Agents,Sales and Related,27.08,
Embalmers,Personal Care and Service,27.06,
"Education and Childcare Administrators, Preschool and Daycare",Management Occupations,27.05,
"First-Line Supervisors of Landscaping, Lawn Service, and Groundskeeping Workers",Building and Grounds Cleaning and Maintenance,27.01,
Plasterers and Stucco Masons,Construction and Extraction,26.93,
Choreographers,"Arts, Design, Entertainment, Sports, and Media",26.73,
Glaziers,Construction and Extraction,26.65,
Payroll and Timekeeping Clerks,Office and Administrative Support,26.58,
"Title Examiners, Abstractors, and Searchers",Legal Occupations,26.43,
Motorboat Mechanics and Service Technicians,"Installation, Maintenance, and Repair",26.42,
"Community and Social Service Specialists, All Other",Community and Social Service,26.41,
"Directors, Religious Activities and Education",Community and Social Service,26.37,
Audio and Video Technicians,"Arts, Design, Entertainment, Sports, and Media",26.36,
Costume Attendants,Personal Care and Service,26.35,
Cement Masons and Concrete Finishers,Construction and Extraction,26.28,
"Floor Layers, Except Carpet, Wood, and Hard Tiles",Construction and Extraction,26.13,
Forest and Conservation Technicians,"Life, Physical, and Social Science",26.11,
Legal Secretaries and Administrative Assistants,Office and Administrative Support,26.03,
"Electric Motor, Power Tool, and Related Repairers","Installation, Maintenance, and Repair",25.96,
Broadcast Technicians,"Arts, Design, Entertainment, Sports, and Media",25.92,
Fallers,"Farming, Fishing, and Forestry",25.92,
Desktop Publishers,Office and Administrative Support,25.78,
"Excavating and Loading Machine and Dragline Operators, Surface Mining",Construction and Extraction,25.26,
Engine and Other Machine Assemblers,Production,25.26,
Forest Fire Inspectors and Prevention Specialists,Protective Service,25.19,
Private Detectives and Investigators,Protective Service,25.18,
Hoist and Winch Operators,Transportation and Material Moving,25.15,
"Financial Clerks, All Other",Office and Administrative Support,25.07,
Farm Equipment Mechanics and Service Technicians,"Installation, Maintenance, and Repair",25.04,
Biological Technicians,"Life, Physical, and Social Science",25.0,
Animal Breeders,"Farming, Fishing, and Forestry",25.0,
"Logging Workers, All Other","Farming, Fishing, and Forestry",25.0,
Motorboat Operators,Transportation and Material Moving,24.94,
Automotive Body and Related Repairers,"Installation, Maintenance, and Repair",24.85,
"Paving, Surfacing, and Tamping Equipment Operators",Construction and Extraction,24.83,
"Eligibility Interviewers, Government Programs",Office and Administrative Support,24.76,
Statistical Assistants,Office and Administrative Support,24.73,
Mechanical Door Repairers,"Installation, Maintenance, and Repair",24.54,
Community Health Workers,Community and Social Service,24.54,
Agricultural Inspectors,"Farming, Fishing, and Forestry",24.51,
Roofers,Construction and Extraction,24.51,
Public Safety Telecommunicators,Office and Administrative Support,24.39,
Audiovisual Equipment Installers and Repairers,"Installation, Maintenance, and Repair",24.34,
Tax Preparers,Business and Financial Operations,24.31,
Recreational Vehicle Service Technicians,"Installation, Maintenance, and Repair",24.3,
Locksmiths and Safe Repairers,"Installation, Maintenance, and Repair",24.27,
Credit Counselors,Business and Financial Operations,24.27,
Tree Trimmers and Pruners,Building and Grounds Cleaning and Maintenance,24.25,
"Makeup Artists, Theatrical and Performance",Personal Care and Service,24.17,
Medical Records Specialists,Healthcare Practitioners and Technical,24.16,
"Extraction Workers, All Other",Construction and Extraction,24.09,
Computer Numerically Controlled Tool Operators,Production,24.02,
"Communications Equipment Operators, All Other",Office and Administrative Support,24.0,
Freight Forwarders,Office and Administrative Support,23.99,
Cargo and Freight Agents,Office and Administrative Support,23.99,
Dancers,"Arts, Design, Entertainment, Sports, and Media",23.97,
Carpet Installers,Construction and Extraction,23.97,
"Counselors, All Other",Community and Social Service,23.96,
"Morticians, Undertakers, and Funeral Arrangers",Personal Care and Service,23.94,
Automotive Service Technicians and Mechanics,"Installation, Maintenance, and Repair",23.88,
Sailors and Marine Oilers,Transportation and Material Moving,23.85,
"Environmental Science and Protection Technicians, Including Health","Life, Physical, and Social Science",23.79,
"Human Resources Assistants, Except Payroll and Timekeeping",Office and Administrative Support,23.77,
Food Science Technicians,"Life, Physical, and Social Science",23.76,
Home Appliance Repairers,"Installation, Maintenance, and Repair",23.76,
"Rail Transportation Workers, All Other",Transportation and Material Moving,23.72,
Camera and Photographic Equipment Repairers,"Installation, Maintenance, and Repair",23.7,
"Forging Machine Setters, Operators, and Tenders, Metal and Plastic",Production,23.67,
Logging Equipment Operators,"Farming, Fishing, and Forestry",23.66,
Proofreaders and Copy Markers,Office and Administrative Support,23.66,
"Bookkeeping, Accounting, and Auditing Clerks",Office and Administrative Support,23.66,
"Meter Readers, Utilities",Office and Administrative Support,23.64,
Floor Sanders and Finishers,Construction and Extraction,23.63,
Gem and Diamond Workers,Production,23.63,
Jewelers and Precious Stone and Metal Workers,Production,23.63,
"Credit Authorizers, Checkers, and Clerks",Office and Administrative Support,23.62,
Highway Maintenance Workers,Construction and Extraction,23.59,
Loan Interviewers and Clerks,Office and Administrative Support,23.53,
"Dispatchers, Except Police, Fire, and Ambulance",Office and Administrative Support,23.5,
"Health Technologists and Technicians, All Other",Healthcare Practitioners and Technical,23.46,
Neurodiagnostic Technologists,Healthcare Practitioners and Technical,23.46,
Pipelayers,Construction and Extraction,23.42,
"Insulation Workers, Floor, Ceiling, and Wall",Construction and Extraction,23.41,
Farm Labor Contractors,Business and Financial Operations,23.41,
"Painters, Construction and Maintenance",Construction and Extraction,23.4,
"Installation, Maintenance, and Repair Workers, All Other","Installation, Maintenance, and Repair",23.39,
Geothermal Technicians,"Installation, Maintenance, and Repair",23.39,
"Maintenance and Repair Workers, General","Installation, Maintenance, and Repair",23.38,
Actors,"Arts, Design, Entertainment, Sports, and Media",23.33,
Procurement Clerks,Office and Administrative Support,23.32,
Hazardous Materials Removal Workers,Construction and Extraction,23.31,
Insurance Claims and Policy Processing Clerks,Office and Administrative Support,23.29,
Travel Agents,Sales and Related,23.29,
Dredge Operators,Transportation and Material Moving,23.28,
Helpers--Extraction Workers,Construction and Extraction,23.27,
"Geological Technicians, Except Hydrologic Technicians","Life, Physical, and Social Science",23.27,
"Educational Instruction and Library Workers, All Other","Education, Training, and Library",23.27,
"Information and Record Clerks, All Other",Office and Administrative Support,23.25,
Refuse and Recyclable Material Collectors,Transportation and Material Moving,23.24,
Dental Laboratory Technicians,Production,23.23,
Paperhangers,Construction and Extraction,23.2,
"Construction and Related Workers, All Other",Construction and Extraction,23.14,
"Electronic Equipment Installers and Repairers, Motor Vehicles","Installation, Maintenance, and Repair",23.05,
"Court, Municipal, and License Clerks",Office and Administrative Support,22.93,
"Coating, Painting, and Spraying Machine Setters, Operators, and Tenders",Production,22.88,
First-Line Supervisors of Housekeeping and Janitorial Workers,Building and Grounds Cleaning and Maintenance,22.85,
"Inspectors, Testers, Sorters, Samplers, and Weighers",Production,22.82,
Museum Technicians and Conservators,"Education, Training, and Library",22.82,
"Rock Splitters, Quarry",Construction and Extraction,22.82,
"Heat Treating Equipment Setters, Operators, and Tenders, Metal and Plastic",Production,22.81,
"Coin, Vending, and Amusement Machine Servicers and Repairers","Installation, Maintenance, and Repair",22.77,
First-Line Supervisors of Retail Sales Workers,Sales and Related,22.75,
Dental Assistants,Healthcare Support,22.74,
"Coil Winders, Tapers, and Finishers",Production,22.72,
Automotive Glass Installers and Repairers,"Installation, Maintenance, and Repair",22.72,
Motorcycle Mechanics,"Installation, Maintenance, and Repair",22.69,
Billing and Posting Clerks,Office and Administrative Support,22.68,
Parking Enforcement Workers,Protective Service,22.67,
First-Line Supervisors of Personal Service Workers,Personal Care and Service,22.64,
"Bus Drivers, School",Transportation and Material Moving,22.62,
"Furnace, Kiln, Oven, Drier, and Kettle Operators and Tenders",Production,22.6,
"Extruding and Drawing Machine Setters, Operators, and Tenders, Metal and Plastic",Production,22.59,
Fence Erectors,Construction and Extraction,22.57,
"First-Line Supervisors of Entertainment and Recreation Workers, Except Gambling Services",Personal Care and Service,22.55,
"Crushing, Grinding, and Polishing Machine Setters, Operators, and Tenders",Production,22.54,
"Computer, Automated Teller, and Office Machine Repairers","Installation, Maintenance, and Repair",22.53,
Agricultural Technicians,"Life, Physical, and Social Science",22.49,
Correspondence Clerks,Office and Administrative Support,22.47,
Construction Laborers,Construction and Extraction,22.47,
Log Graders and Scalers,"Farming, Fishing, and Forestry",22.46,
"Drilling and Boring Machine Tool Setters, Operators, and Tenders, Metal and Plastic",Production,22.42,
New Accounts Clerks,Office and Administrative Support,22.41,
Outdoor Power Equipment and Other Small Engine Mechanics,"Installation, Maintenance, and Repair",22.38,
Medical Equipment Preparers,Healthcare Support,22.35,
"Helpers--Brickmasons, Blockmasons, Stonemasons, and Tile and Marble Setters",Construction and Extraction,22.35,
Industrial Truck and Tractor Operators,Transportation and Material Moving,22.3,
"Sales and Related Workers, All Other",Sales and Related,22.29,
"Secretaries and Administrative Assistants, Except Legal, Medical, and Executive",Office and Administrative Support,22.26,
Exercise Trainers and Group Fitness Instructors,Personal Care and Service,22.2,
Rehabilitation Counselors,Community and Social Service,22.17,
Bill and Account Collectors,Office and Administrative Support,22.14,
Speech-Language Pathology Assistants,Healthcare Support,22.14,
"Healthcare Support Workers, All Other",Healthcare Support,22.14,
Endoscopy Technicians,Healthcare Support,22.14,
"Office and Administrative Support Workers, All Other",Office and Administrative Support,22.14,
Cabinetmakers and Bench Carpenters,Production,22.12,
Animal Control Workers,Protective Service,22.03,
Fiberglass Laminators and Fabricators,Production,22.0,
"Cutting and Slicing Machine Setters, Operators, and Tenders",Production,21.97,
"Glass Blowers, Molders, Benders, and Finishers",Production,21.97,
Foundry Mold and Coremakers,Production,21.97,
Broadcast Announcers and Radio Disc Jockeys,"Arts, Design, Entertainment, Sports, and Media",21.96,
"Cutting, Punching, and Press Machine Setters, Operators, and Tenders, Metal and Plastic",Production,21.92,
Musical Instrument Repairers and Tuners,"Installation, Maintenance, and Repair",21.79,
Adhesive Bonding Machine Operators and Tenders,Production,21.74,
"Pesticide Handlers, Sprayers, and Applicators, Vegetation",Building and Grounds Cleaning and Maintenance,21.73,
"Grinding, Lapping, Polishing, and Buffing Machine Tool Setters, Operators, and Tenders, Metal and Plastic",Production,21.73,
"Extruding, Forming, Pressing, and Compacting Machine Setters, Operators, and Tenders",Production,21.7,
"Religious Workers, All Other",Community and Social Service,21.69,
Social and Human Service Assistants,Community and Social Service,21.69,
"Extruding and Forming Machine Setters, Operators, and Tenders, Synthetic and Glass Fibers",Production,21.63,
Pest Control Workers,Building and Grounds Cleaning and Maintenance,21.51,
Order Clerks,Office and Administrative Support,21.47,
Medical Secretaries and Administrative Assistants,Office and Administrative Support,21.46,
"Cooks, Private Household",Food Preparation and Serving Related,21.41,
Medical Assistants,Healthcare Support,21.25,
Light Truck Drivers,Transportation and Material Moving,21.22,
Electromechanical Equipment Assemblers,Production,21.17,
Electrical and Electronic Equipment Assemblers,Production,21.17,
Gambling Surveillance Officers and Gambling Investigators,Protective Service,21.11,
"Interviewers, Except Eligibility and Loan",Office and Administrative Support,21.07,
Forest and Conservation Workers,"Farming, Fishing, and Forestry",21.0,
Phlebotomists,Healthcare Support,20.99,
"Entertainers and Performers, Sports and Related Workers, All Other","Arts, Design, Entertainment, Sports, and Media",20.99,
"Office Clerks, General",Office and Administrative Support,20.97,
"Grounds Maintenance Workers, All Other",Building and Grounds Cleaning and Maintenance,20.87,
"Shipping, Receiving, and Inventory Clerks",Office and Administrative Support,20.77,
Crematory Operators,Personal Care and Service,20.62,
Customer Service Representatives,Office and Administrative Support,20.59,
"Disc Jockeys, Except Radio","Arts, Design, Entertainment, Sports, and Media",20.59,
"Food and Tobacco Roasting, Baking, and Drying Machine Operators and Tenders",Production,20.54,
Agricultural Equipment Operators,"Farming, Fishing, and Forestry",20.47,
Furniture Finishers,Production,20.45,
Photographers,"Arts, Design, Entertainment, Sports, and Media",20.44,
"Building Cleaning Workers, All Other",Building and Grounds Cleaning and Maintenance,20.37,
"Assemblers and Fabricators, All Other",Production,20.29,
First-Line Supervisors of Food Preparation and Serving Workers,Food Preparation and Serving Related,20.2,
"Material Moving Workers, All Other",Transportation and Material Moving,20.04,
"Grinding and Polishing Workers, Hand",Production,20.04,
Psychiatric Aides,Healthcare Support,20.0,
"Protective Service Workers, All Other",Protective Service,20.0,
Retail Loss Prevention Specialists,Protective Service,20.0,
Helpers--Carpenters,Construction and Extraction,20.0,
Skincare Specialists,Personal Care and Service,19.98,
Aircraft Service Attendants,Transportation and Material Moving,19.97,
Reservation and Transportation Ticket Agents and Travel Clerks,Office and Administrative Support,19.94,
"Cleaning, Washing, and Metal Pickling Equipment Operators and Tenders",Production,19.93,
Emergency Medical Technicians,Healthcare Practitioners and Technical,19.88,
File Clerks,Office and Administrative Support,19.84,
Conveyor Operators and Tenders,Transportation and Material Moving,19.82,
Manufactured Building and Mobile Home Installers,"Installation, Maintenance, and Repair",19.75,
Food Batchmakers,Production,19.61,
"Helpers, Construction Trades, All Other",Construction and Extraction,19.6,
Helpers--Roofers,Construction and Extraction,19.51,
Food Cooking Machine Operators and Tenders,Production,19.49,
Etchers and Engravers,Production,19.45,
"Agricultural Workers, All Other","Farming, Fishing, and Forestry",19.42,
Bicycle Repairers,"Installation, Maintenance, and Repair",19.4,
Cooling and Freezing Equipment Operators and Tenders,Production,19.31,
Library Technicians,"Education, Training, and Library",19.22,
Helpers--Electricians,Construction and Extraction,19.18,
Data Entry Keyers,Office and Administrative Support,19.16,
Machine Feeders and Offbearers,Transportation and Material Moving,19.09,
Nursing Assistants,Healthcare Support,19.01,
"Helpers--Pipelayers, Plumbers, Pipefitters, and Steamfitters",Construction and Extraction,18.88,
Residential Advisors,Personal Care and Service,18.84,
"Office Machine Operators, Except Computer",Office and Administrative Support,18.76,
Barbers,Personal Care and Service,18.73,
Butchers and Meat Cutters,Production,18.73,
"Laborers and Freight, Stock, and Material Movers, Hand",Transportation and Material Moving,18.72,
Recycling and Reclamation Workers,Transportation and Material Moving,18.72,
"Helpers--Installation, Maintenance, and Repair Workers","Installation, Maintenance, and Repair",18.68,
"Cutters and Trimmers, Hand",Production,18.65,
Animal Trainers,Personal Care and Service,18.63,
Counter and Rental Clerks,Sales and Related,18.53,
Craft Artists,"Arts, Design, Entertainment, Sports, and Media",18.5,
"Food Processing Workers, All Other",Production,18.47,
Security Guards,Protective Service,18.45,
Couriers and Messengers,Office and Administrative Support,18.43,
Helpers--Production Workers,Production,18.38,
Motion Picture Projectionists,Personal Care and Service,18.35,
"Mail Clerks and Mail Machine Operators, Except Postal Service",Office and Administrative Support,18.34,
"Helpers--Painters, Paperhangers, Plasterers, and Stucco Masons",Construction and Extraction,18.34,
Landscaping and Groundskeeping Workers,Building and Grounds Cleaning and Maintenance,18.31,
Demonstrators and Product Promoters,Sales and Related,18.25,
"Personal Care and Service Workers, All Other",Personal Care and Service,18.22,
Crossing Guards and Flaggers,Protective Service,18.13,
Orderlies,Healthcare Support,18.12,
Passenger Attendants,Transportation and Material Moving,18.06,
Medical Transcriptionists,Healthcare Support,18.05,
Parts Salespersons,Sales and Related,18.0,
Occupational Therapy Aides,Healthcare Support,17.97,
Merchandise Displayers and Window Trimmers,"Arts, Design, Entertainment, Sports, and Media",17.96,
Concierges,Personal Care and Service,17.94,
Veterinary Assistants and Laboratory Animal Caretakers,Healthcare Support,17.94,
Receptionists and Information Clerks,Office and Administrative Support,17.9,
Driver/Sales Workers,Transportation and Material Moving,17.85,
"Preschool Teachers, Except Special Education","Education, Training, and Library",17.85,
Tire Repairers and Changers,"Installation, Maintenance, and Repair",17.85,
Stockers and Order Fillers,Transportation and Material Moving,17.83,
Dietetic Technicians,Healthcare Practitioners and Technical,17.81,
Pharmacy Aides,Healthcare Support,17.79,
Gambling Cage Workers,Office and Administrative Support,17.78,
"Cooks, Restaurant",Food Preparation and Serving Related,17.71,
Fishing and Hunting Workers,"Farming, Fishing, and Forestry",17.67,
Travel Guides,Personal Care and Service,17.63,
Tour Guides and Escorts,Personal Care and Service,17.63,
Shuttle Drivers and Chauffeurs,Transportation and Material Moving,17.63,
Bakers,Production,17.62,
"Cooks, Institution and Cafeteria",Food Preparation and Serving Related,17.53,
"Motor Vehicle Operators, All Other",Transportation and Material Moving,17.43,
"Cooks, All Other",Food Preparation and Serving Related,17.41,
"Farmworkers, Farm, Ranch, and Aquacultural Animals","Farming, Fishing, and Forestry",17.38,
Floral Designers,"Arts, Design, Entertainment, Sports, and Media",17.37,
Baggage Porters and Bellhops,Personal Care and Service,17.32,
"Library Assistants, Clerical",Office and Administrative Support,17.31,
"Janitors and Cleaners, Except Maids and Housekeeping Cleaners",Building and Grounds Cleaning and Maintenance,17.27,
"Farmworkers and Laborers, Crop, Nursery, and Greenhouse","Farming, Fishing, and Forestry",17.16,
"Cooks, Short Order",Food Preparation and Serving Related,17.12,
"Packers and Packagers, Hand",Transportation and Material Moving,17.1,
"Graders and Sorters, Agricultural Products","Farming, Fishing, and Forestry",17.03,
Recreation Workers,Personal Care and Service,17.01,
Cleaners of Vehicles and Equipment,Transportation and Material Moving,16.96,
"Hairdressers, Hairstylists, and Cosmetologists",Personal Care and Service,16.95,
School Bus Monitors,Protective Service,16.82,
Personal Care Aides,Healthcare Support,16.78,
Home Health Aides,Healthcare Support,16.78,
Automotive and Watercraft Service Attendants,Transportation and Material Moving,16.76,
"Food Preparation and Serving Related Workers, All Other",Food Preparation and Serving Related,16.74,
Gambling Change Persons and Booth Cashiers,Sales and Related,16.74,
"Locker Room, Coatroom, and Dressing Room Attendants",Personal Care and Service,16.73,
Manicurists and Pedicurists,Personal Care and Service,16.66,
Maids and Housekeeping Cleaners,Building and Grounds Cleaning and Maintenance,16.66,
Funeral Attendants,Personal Care and Service,16.64,
Parking Attendants,Transportation and Material Moving,16.63,
Retail Salespersons,Sales and Related,16.62,
"Entertainment Attendants and Related Workers, All Other",Personal Care and Service,16.61,
"Door-to-Door Sales Workers, News and Street Vendors, and Related Workers",Sales and Related,16.6,
"Gambling Service Workers, All Other",Personal Care and Service,16.6,
Physical Therapist Aides,Healthcare Support,16.59,
"Food Servers, Nonrestaurant",Food Preparation and Serving Related,16.57,
Telemarketers,Sales and Related,16.54,
"Ambulance Drivers and Attendants, Except Emergency Medical Technicians",Transportation and Material Moving,16.51,
"Hotel, Motel, and Resort Desk Clerks",Office and Administrative Support,16.48,
Food Preparation Workers,Food Preparation and Serving Related,16.45,
Waiters and Waitresses,Food Preparation and Serving Related,16.23,
"Lifeguards, Ski Patrol, and Other Recreational Protective Service Workers",Protective Service,16.21,
Dishwashers,Food Preparation and Serving Related,16.19,
Bartenders,Food Preparation and Serving Related,16.12,
Animal Caretakers,Personal Care and Service,16.09,
Gambling Dealers,Personal Care and Service,16.0,
Dining Room and Cafeteria Attendants and Bartender Helpers,Food Preparation and Serving Related,15.71,
Nannies,Personal Care and Service,15.41,
Childcare Workers,Personal Care and Service,15.41,
Shampooers,Personal Care and Service,15.13,
Cashiers,Sales and Related,14.99,
"Ushers, Lobby Attendants, and Ticket Takers",Personal Care and Service,14.98,
Amusement and Recreation Attendants,Personal Care and Service,14.66,
Gambling and Sports Book Writers and Runners,Personal Care and Service,14.65,
Fast Food and Counter Workers,Food Preparation and Serving Related,14.65,
Baristas,Food Preparation and Serving Related,14.65,
"Hosts and Hostesses, Restaurant, Lounge, and Coffee Shop",Food Preparation and Serving Related,14.61,
"Cooks, Fast Food",Food Preparation and Serving Related,14.5,
