title,company,location,avg_salary,description,redirect_url,experience_level,soc_code,job_category,matched_skills
Technical Product Manager,Workforce Opportunity Services,"East Liberty, Allegheny County",110099.36,"Overview: The Associate Technical Product Manager will assist overseeing day-to-day data operations, translate business needs into technical deliverables, and develop lightweight tools to reduce manual work. This role is embedded in a hands-on, pragmatic environment at a growing legal tech startup. Position Description: The Associate Technical Product Manager is responsible for maintaining healthy database performance, building automation scripts, setting up and supporting ELT processes, and cr…",https://www.adzuna.com/details/5431090065?utm_medium=api&utm_source=a6e23083,N/A,11-3021,Technical Product Manager,[]
Creative/Technical Designer II,Duquesne,"Duquesne, Allegheny County",52462.91,"JOB SUMMARY: The Creative/Technical Designer II will play a key role in the development and execution of new products by creating product designs, technical sketches, and maintaining product specifications. This role contributes to product line development through design, print, pattern, and color work while ensuring accuracy and consistency in PLM. The Creative/Technical Designer II collaborates with Product Development Managers and leadership to deliver designs that align with business goals …",https://www.adzuna.com/details/5429544864?utm_medium=api&utm_source=a6e23083,N/A,11-3021,Technical Product Manager,[]
"Senior Product Manager, User Voice, gTech",Google,"Pittsburgh, Allegheny County",261219.89,"Senior Product Manager, User Voice, gTech _corporate_fare_ Google _place_ Boulder, CO, USA; Pittsburgh, PA, USA Advanced Experience owning outcomes and decision making, solving ambiguous problems and influencing stakeholders; deep expertise in domain. _info_outline_ XThe application window will be open until at least September 17, 2025. This opportunity will remain online based on business needs which may be before or after the specified date.Note: By applying to this position you will have an …",https://www.adzuna.com/details/5427418106?utm_medium=api&utm_source=a6e23083,N/A,11-3021,Technical Product Manager,[]
"Senior Product Manager, Core Experience",Google,"Pittsburgh, Allegheny County",205758.8,"Senior Product Manager, Core Experience _corporate_fare_ Google _place_ Boulder, CO, USA; Pittsburgh, PA, USA Advanced Experience owning outcomes and decision making, solving ambiguous problems and influencing stakeholders; deep expertise in domain. _info_outline_ XThe application window will be open until at least September 24, 2025. This opportunity will remain online based on business needs which may be before or after the specified date.Note: By applying to this position you will have an op…",https://www.adzuna.com/details/5427418092?utm_medium=api&utm_source=a6e23083,N/A,11-3021,Technical Product Manager,[]
ConvergeCONSUMER - Optimization Data Scientist (Senior Consultant) - Innovation_Delivery_Transformation,Deloitte,"Pittsburgh, Allegheny County",207222.92,"The Team The Innovation & Delivery Transformation team is building the future of our business. This the group responsible for identifying, nurturing, scaling, and ultimately winning in new markets with new capabilities. We don't rely on what the firm has always done - we look to the future and invest where we know the growth will be 3, 5, 10 years down the road. The Innovation & Delivery Transformation Team collaborates with Industries, Offering Portfolios, Growth, and Delivery Transformation t…",https://www.adzuna.com/details/5427416442?utm_medium=api&utm_source=a6e23083,N/A,11-3021,Technical Product Manager,[]
Product Manager,Sms Group Inc,"Observatory, Allegheny County",93989.48,"Summary This position will support the Modernizations/Upgrades, Spare Parts, Repair/Maintenance and Field Service for Long Products Medium / Heavy Section Rolling & Finishing Equipment. Who we are At SMS group, our people are our greatest asset. We offer an entrepreneurial environment that promotes a culture of innovation, growth, and inclusion. We offer company events, activities, and opportunities to participate in charitable initiatives that benefit the communities where we are located. www.…",https://www.adzuna.com/details/5421817131?utm_medium=api&utm_source=a6e23083,N/A,11-3021,Technical Product Manager,[]
Technical Program Manager,Govini,"Pittsburgh, Allegheny County",75557.98,"Company Description Govini transforms Defense Acquisition from an outdated manual process to a software-driven strategic advantage for the United States. Our flagship product, Ark, supports Supply Chain, Science and Technology, Production, Sustainment, Logistics, and Modernization teams with AI-enabled Applications and best-in-class data to more rapidly imagine, develop, and field the capabilities we need. Today, the national security community and every branch of the military rely on Govini to…",https://www.adzuna.com/details/5419426730?utm_medium=api&utm_source=a6e23083,N/A,11-3021,Technical Product Manager,[]
Technical Program Manager,Govini,"Arsenal, Allegheny County",88361.16,"Company Description Govini transforms Defense Acquisition from an outdated manual process to a software-driven strategic advantage for the United States. Our flagship product, Ark, supports Supply Chain, Science and Technology, Production, Sustainment, Logistics, and Modernization teams with AI-enabled Applications and best-in-class data to more rapidly imagine, develop, and field the capabilities we need. Today, the national security community and every branch of the military rely on Govini to…",https://www.adzuna.com/details/5415017379?utm_medium=api&utm_source=a6e23083,N/A,11-3021,Technical Product Manager,[]
"Lead Technical Sales Specialist, Supplements (US Remote)",ThermoFisher Scientific,"Pittsburgh, Allegheny County",78096.27,"Work Schedule Standard (Mon-Fri) Environmental Conditions Office Job Description At Thermo Fisher Scientific, our work has a purpose, demanding passion and yielding significant results. We share expertise and innovation with customers to improve the world. Location/Division Specific Information The America's Technical Sales Specialist (TSS) - Supplements, is a U.S. field-based role within the Biologics and Chemicals Division that owns new business and reoccurring business growth responsibility …",https://www.adzuna.com/details/5410890194?utm_medium=api&utm_source=a6e23083,N/A,11-3021,Technical Product Manager,[]
Associate Technical Product Manager,Workforce Opportunity Services,"East Liberty, Allegheny County",102459.89,"Overview: The Associate Technical Product Manager will assist overseeing day-to-day data operations, translate business needs into technical deliverables, and develop lightweight tools to reduce manual work. This role is embedded in a hands-on, pragmatic environment at a growing legal tech startup. This role is a great fit for someone looking for their first Technical Product Management role. Position Description: The Associate Technical Product Manager is responsible for maintaining healthy da…",https://www.adzuna.com/details/5405111676?utm_medium=api&utm_source=a6e23083,N/A,11-3021,Technical Product Manager,[]
"Principal Technical Product Manager , Amazon Robotics (AR)",Amazon,"Pittsburgh, Allegheny County",133187.33,"Description We are seeking a highly skilled and innovative Principal Technical Product Manager to join our Amazon Robotics team. In this role, you will serve as the resident expert for a specific technology within Amazon's vast network, driving innovation, enhancing product design, and collaborating with cross-functional teams to shape the future of Amazon's robotics and automation systems. Key job responsibilities 1. Technology Expertise - Serve as the Amazon resident expert on the given techn…",https://www.adzuna.com/details/5363549462?utm_medium=api&utm_source=a6e23083,N/A,11-3021,Technical Product Manager,[]
Application Architect,TeleTracking Technologies,"Pittsburgh, Allegheny County",122234.37,"About The Role The Application Architect is responsible for understanding and interpreting requirements, contributing to technical architecture & design documents, coding (construction), and continuous testing of complex modules and applications in support of the TeleTracking cloud platform. What You'll Do Contribute to creation and following Teletracking’s coding and unit testing practices to design, develop and test software across all architectural layers. - 20% Operate with a team of Enterp…",https://www.adzuna.com/details/5361238404?utm_medium=api&utm_source=a6e23083,N/A,11-3021,Technical Product Manager,[]
"Engineering Director, Long-Form Learning",Duolingo,"Pittsburgh, Allegheny County",206723.94,"Our mission at Duolingo is to develop the best education in the world and make it universally available. It’s a big mission, and that’s where you come in! At Duolingo, you’ll join a team that cares about finding innovative solutions to complex technical problems , running countless experiments (300 at a time!) with our massive user base to make data-driven decisions, and educating our users and employees alike. You’ll have limitless learning opportunities, mentorship and collaboration with worl…",https://www.adzuna.com/details/5338778372?utm_medium=api&utm_source=a6e23083,N/A,11-3021,Technical Product Manager,[]
Senior Software Engineer (Front End),Maven Machines,"Bloomfield, Allegheny County",109613.76,"Maven is on a mission to automate trucking operations and change how the world moves freight. Since 2014, Maven has been providing software to many of the nation’s top trucking and transportation fleets to power their mission critical operations and keep the economy moving. We work at the intersection of operations software, real-time telematics, optimization research, and machine learning and AI to build technology that is changing a massive industry. As one of the fastest growing tech startup…",https://www.adzuna.com/details/5319143570?utm_medium=api&utm_source=a6e23083,N/A,11-3021,Technical Product Manager,['machine learning']
Senior Software Engineer (Front End),Maven Machines,"Pittsburgh, Allegheny County",115967.92,"Maven is on a mission to automate trucking operations and change how the world moves freight. Since 2014, Maven has been providing software to many of the nation’s top trucking and transportation fleets to power their mission critical operations and keep the economy moving. We work at the intersection of operations software, real-time telematics, optimization research, and machine learning and AI to build technology that is changing a massive industry. As one of the fastest growing tech startup…",https://www.adzuna.com/details/5315588325?utm_medium=api&utm_source=a6e23083,N/A,11-3021,Technical Product Manager,['machine learning']
Senior Technical Product Manager,Onward Robotics,"Arsenal, Allegheny County",152656.34,"Job Details Main Location - PITTSBURGH, PA Full Time Sales Description About the job Join Our Team At Onward Robotics, we are a bold, gritty, and purposeful team with an ambitious mission to revolutionize fulfillment. Our team is driven by a client-first mentality: we aim to solve hard problems and fuel our clients’ growth with innovation. We are seeking talented individuals who will have a huge impact on both our business and our team. Join us on our mission as we move fast, think big, and hav…",https://www.adzuna.com/details/5310721432?utm_medium=api&utm_source=a6e23083,N/A,11-3021,Technical Product Manager,[]
